{
  "categories": [
    {
      "name": "Adjustment",
      "subcategories": [
        {
          "name": "Interest Rate Adjustment",
          "description": "Modifying the loan’s interest rate due to fluctuations in market rates or revised terms.",
          "extractableParameters": [
            "Adjustment ID",
            "Adjustment Date",
            "Loan Account Number",
            "Borrower Name",
            "Original Interest Rate",
            "New Interest Rate",
            "Adjustment Percentage",
            "Rate Type",
            "Adjustment Reason",
            "Effective Date",
            "Revised EMI Amount",
            "Revised Tenure",
            "Interest Difference Amount",
            "Impact on Total Interest Payable",
            "Bank/Institution Name",
            "Approval Status",
            "Authorized By",
            "Reference Number",
            "Remarks/Notes"
          ]
        },
        {
          "name": "Principal Adjustment",
          "description": "Making corrections to the outstanding principal balance due to overpayments, underpayments, or refinancing.",
          "extractableParameters": [
            "Adjustment ID",
            "Adjustment Date",
            "Loan Account Number",
            "Borrower Name",
            "Original Principal Amount",
            "Adjusted Principal Amount",
            "Adjustment Difference",
            "Adjustment Reason",
            "Effective Date",
            "Impact on EMI",
            "Impact on Loan Tenure",
            "Bank/Institution Name",
            "Approval Status",
            "Authorized By",
            "Reference Number",
            "Remarks/Notes"
          ]
        },
        {
          "name": "Fee Adjustment",
          "description": "Modifying service fees, late fees, or processing charges.",
          "extractableParameters": [
            "Adjustment ID",
            "Adjustment Date",
            "Loan Account Number",
            "Borrower Name",
            "Original Fee Amount",
            "Adjusted Fee Amount",
            "Adjustment Difference",
            "Fee Type",
            "Adjustment Reason",
            "Effective Date",
            "Impact on Loan EMI",
            "Bank/Institution Name",
            "Approval Status",
            "Authorized By",
            "Reference Number",
            "Remarks/Notes"
          ]
        },
        {
          "name": "Payment Schedule Adjustment",
          "description": "Changing the loan repayment schedule due to restructuring or borrower agreement.",
          "extractableParameters": [
            "Adjustment ID",
            "Adjustment Date",
            "Loan Account Number",
            "Borrower Name",
            "Original EMI Amount",
            "Adjusted EMI Amount",
            "EMI Frequency",
            "Original Due Date",
            "New Due Date",
            "Original Loan Tenure",
            "Adjusted Loan Tenure",
            "Adjustment Reason",
            "Effective Date",
            "Impact on Loan Maturity Date",
            "Bank/Institution Name",
            "Approval Status",
            "Authorized By",
            "Reference Number",
            "Remarks/Notes"
          ]
        }
      ]
    },
    {
      "name": "AU Transfer",
      "subcategories": [
        {
          "name": "Loan Account Transfer",
          "description": "Transferring balances between two loan accounts under the same borrower or institution.",
          "extractableParameters": [
            "Transfer ID",
            "Transfer Date",
            "Source Loan Account Number",
            "Target Loan Account Number",
            "Borrower Name",
            "Transfer Amount",
            "Currency",
            "Transfer Reason",
            "Effective Date",
            "Bank/Institution Name",
            "Approval Status",
            "Authorized By",
            "Reference Number",
            "Interest Rate Impact",
            "Loan Term Impact",
            "Repayment Impact",
            "Remarks/Notes"
          ]
        },
        {
          "name": "Reallocation of Funds",
          "description": "Moving funds between internal accounting units for better cash flow management.",
          "extractableParameters": [
            "Reallocation ID",
            "Reallocation Date",
            "Source Account Number",
            "Target Account Number",
            "Department/Unit Name",
            "Reallocation Amount",
            "Currency",
            "Reallocation Reason",
            "Effective Date",
            "Approval Status",
            "Authorized By",
            "Reference Number",
            "Interest Rate Impact",
            "Loan Term Impact",
            "Repayment Impact",
            "Bank/Institution Name",
            "Transaction Type",
            "Remarks/Notes"
          ]
        },
        {
          "name": "Inter-Branch Transfers",
          "description": "Reallocating payments or balances between different branches.",
          "extractableParameters": [
            "Transfer ID",
            "Transfer Date",
            "Source Branch Code",
            "Target Branch Code",
            "Source Branch Name",
            "Target Branch Name",
            "Source Account Number",
            "Target Account Number",
            "Transfer Amount",
            "Currency",
            "Transfer Reason",
            "Transaction Type",
            "Effective Date",
            "Approval Status",
            "Authorized By",
            "Reference Number",
            "Interest Rate Impact",
            "Loan Term Impact",
            "Repayment Impact",
            "Bank/Institution Name",
            "Remarks/Notes"
          ]
        }
      ]
    },
    {
      "name": "Money Outbound",
      "subcategories": [
        {
          "name": "Loan Disbursement",
          "description": "When the bank disburses loan funds to the borrower's account.",
          "extractableParameters": [
            "Loan ID",
            "Disbursement Date",
            "Disbursement Amount",
            "Currency",
            "Beneficiary Name",
            "Beneficiary Account No",
            "Bank Name",
            "IFSC/Swift Code",
            "Payment Mode",
            "Transaction ID",
            "Purpose/Loan Type",
            "Installment Type",
            "Loan Officer ID",
            "Approval Status",
            "Remarks/Notes"
          ]
        },
        {
          "name": "Payment to Vendors or Suppliers",
          "description": "Outbound payments for services or products related to loan processing.",
          "extractableParameters": [
            "Payment ID",
            "Vendor/Supplier Name",
            "Vendor ID",
            "Invoice Number",
            "Invoice Date",
            "Payment Date",
            "Payment Amount",
            "Currency",
            "Bank Name",
            "Beneficiary Account No",
            "IFSC/Swift Code",
            "Payment Mode",
            "Transaction ID",
            "Purpose of payment",
            "Tax Details",
            "Payment Terms",
            "Approval Status",
            "Authorized By",
            "Remarks/Notes"
          ]
        },
        {
          "name": "Fund Transfers to Other Banks",
          "description": "Outbound transfers made via RTGS, NEFT, or SWIFT.",
          "extractableParameters": [
            "Transfer ID",
            "Transfer Date",
            "Amount Transferred",
            "Currency",
            "Sender Bank Name",
            "Sender Account Number",
            "Beneficiary Bank Name",
            "Beneficiary Account No",
            "IFSC/Swift Code",
            "Transfer Mode",
            "Transaction ID",
            "Purpose of Transfer",
            "Exchange Rate",
            "Transfer Status",
            "Bank Charges",
            "Reference Number",
            "Approval Status",
            "Authorized By",
            "Remarks/Notes"
          ]
        },
        {
          "name": "Timebound Payments",
          "description": "Scheduled payments with specific due dates.",
          "extractableParameters": [
            "Payment ID",
            "Payment Date",
            "Scheduled Execution Date",
            "Payment Amount",
            "Currency",
            "Payer Bank Name",
            "Payer Account Number",
            "Beneficiary Name",
            "Beneficiary Bank Name",
            "Beneficiary Account No",
            "IFSC/Swift Code",
            "Payment Mode",
            "Transaction ID",
            "Payment Frequency",
            "Recurring Interval",
            "Grace Period",
            "Late Payment Penalty",
            "Status",
            "Reference Number",
            "Approval Status",
            "Authorized By",
            "Remarks/Notes"
          ]
        },
        {
          "name": "Foreign Currency Transfers",
          "description": "Outbound transfers in foreign currency.",
          "extractableParameters": [
            "Transfer ID",
            "Transfer Date",
            "Execution Date",
            "Transaction Amount",
            "Source Currency",
            "Target Currency",
            "Exchange Rate",
            "Payer Bank Name",
            "Payer Account Number",
            "Beneficiary Name",
            "Beneficiary Bank Name",
            "Beneficiary Account No",
            "SWIFT/BIC Code",
            "Intermediary Bank Name",
            "Intermediary Bank SWIFT Code",
            "Payment Mode",
            "Transaction ID",
            "Fee Amount",
            "Fee Currency",
            "Total Amount Debited",
            "Reference Number",
            "Approval Status",
            "Authorized By",
            "Remarks/Notes"
          ]
        },
        {
          "name": "Others",
          "description": "Other outbound money movements not categorized.",
          "extractableParameters": [
            ""
          ]
        }
      ]
    },
    {
      "name": "Money Inbound",
      "subcategories": [
        {
          "name": "Loan Repayments",
          "description": "When the borrower pays EMIs or loan installments back to the bank.",
          "extractableParameters": [
            "Repayment ID",
            "Repayment Date",
            "Borrower Name",
            "Borrower ID",
            "Loan Account Number",
            "Loan Type",
            "Repayment Mode",
            "Repayment Amount",
            "Principal Component",
            "Interest Component",
            "Fee Component",
            "Currency",
            "Payment Frequency",
            "Remaining Principal Balance",
            "Payment Status",
            "Reference Number",
            "Loan Term Impact",
            "Repayment Source Account",
            "Beneficiary Bank Name",
            "Authorized By",
            "Remarks/Notes"
          ]
        },
        {
          "name": "Incoming Wire Transfers (RTGS, NEFT, SWIFT)",
          "description": "Funds received from other banks via RTGS, NEFT, or SWIFT.",
          "extractableParameters": [
            "Transfer ID",
            "Transfer Date",
            "Payer Name",
            "Payer Account Number",
            "Payer Bank Name",
            "Payer Bank Branch Code",
            "Payer Country",
            "Recipient Name",
            "Recipient Account Number",
            "Recipient Bank Name",
            "Recipient Branch Code",
            "Currency",
            "Wire Amount",
            "Transaction Fee",
            "Exchange Rate",
            "Payment Network",
            "Reference Number",
            "Transfer Status",
            "Purpose of Transfer",
            "Bank Memo/Notes",
            "Regulatory Compliance ID"
          ]
        },
        {
          "name": "Fee Payments",
          "description": "Payments for loan processing fees, documentation charges, or penalties.",
          "extractableParameters": [
            "Payment ID",
            "Payment Date",
            "Fee Type",
            "Fee Amount",
            "Currency",
            "Borrower Name",
            "Borrower Account Number",
            "Loan ID",
            "Fee Description",
            "Due Date",
            "Payment Method",
            "Reference Number",
            "Tax or GST",
            "Payment Status",
            "Penalties or Late Charges",
            "Bank Name",
            "Branch Code",
            "Payment Notes",
            "Regulatory Compliance ID"
          ]
        },
        {
          "name": "Prepayments or Lump-sum Payments",
          "description": "Customers making early repayments or lump-sum settlements.",
          "extractableParameters": [
            "Payment ID",
            "Payment Date",
            "Prepayment Amount",
            "Currency",
            "Borrower Name",
            "Borrower Account Number",
            "Loan ID",
            "Prepayment Type",
            "Outstanding Loan Amount",
            "Remaining Balance",
            "Interest Saved",
            "Payment Method",
            "Reference Number",
            "Prepayment Penalty",
            "Bank Name",
            "Branch Code",
            "Payment Status",
            "Payment Notes",
            "Regulatory Compliance ID"
          ]
        },
        {
          "name": "Interest Payments",
          "description": "Interest earned on investments or loan repayments.",
          "extractableParameters": [
            "Payment ID",
            "Payment Date",
            "Interest Payment Amount",
            "Currency",
            "Borrower Name",
            "Borrower Account Number",
            "Loan ID",
            "Payment Frequency",
            "Interest Rate",
            "Accrued Interest Period",
            "Payment Method",
            "Reference Number",
            "Outstanding Loan Amount",
            "Interest Paid-to-Date",
            "Payment Status",
            "Bank Name",
            "Branch Code",
            "Tax Deducted at Source (TDS)",
            "Regulatory Compliance ID",
            "Payment Notes"
          ]
        },
        {
          "name": "Others",
          "description": "Other inbound money movements not categorized.",
          "extractableParameters": [
            ""
          ]
        }
      ]
    },
    {
      "name": "Fee Payment",
      "subcategories": [
        {
          "name": "Loan Processing Fee",
          "description": "A one-time fee charged for processing the loan application.",
          "extractableParameters": [
            "Fee ID",
            "Fee Payment Date",
            "Loan ID",
            "Borrower Name",
            "Borrower Account Number",
            "Fee Amount",
            "Currency",
            "Fee Type",
            "Fee Rate (%)",
            "Loan Amount",
            "Payment Method",
            "Reference Number",
            "Fee Status",
            "Tax Deducted at Source (TDS)",
            "Regulatory Compliance ID",
            "Bank Name",
            "Branch Code",
            "Invoice or Receipt ID",
            "Fee Waiver Status",
            "Processing Notes"
          ]
        },
        {
          "name": "Ongoing Service Fee or Recurring fees",
          "description": "Recurring fees charged periodically for loan maintenance.",
          "extractableParameters": [
            "Fee ID",
            "Fee Period",
            "Fee Payment Date",
            "Loan ID",
            "Borrower Name",
            "Borrower Account Number",
            "Fee Amount",
            "Currency",
            "Fee Frequency",
            "Fee Type",
            "Fee Rate (%)",
            "Outstanding Loan Amount",
            "Payment Method",
            "Reference Number",
            "Fee Status",
            "Tax Deducted at Source (TDS)",
            "Regulatory Compliance ID",
            "Bank Name",
            "Branch Code",
            "Invoice or Receipt ID",
            "Fee Waiver Status",
            "Processing Notes"
          ]
        },
        {
          "name": "Amendment or Modification Fee",
          "description": "Fees for modifying loan terms or agreements.",
          "extractableParameters": [
            "Fee ID",
            "Fee Payment Date",
            "Loan ID",
            "Borrower Name",
            "Borrower Account Number",
            "Fee Amount",
            "Currency",
            "Modification Type",
            "Modification Description",
            "Fee Percentage (%)",
            "Outstanding Loan Amount",
            "Modification Request Date",
            "Approval Date",
            "Effective Date of Modification",
            "Payment Method",
            "Reference Number",
            "Fee Status",
            "Tax Deducted at Source (TDS)",
            "Regulatory Compliance ID",
            "Bank Name",
            "Branch Code",
            "Invoice or Receipt ID",
            "Fee Waiver Status",
            "Processing Notes"
          ]
        },
        {
          "name": "Late Payment Fee",
          "description": "Penalty charged for missed or delayed EMI payments.",
          "extractableParameters": [
            "Fee ID",
            "Fee Payment Date",
            "Loan ID",
            "Borrower Name",
            "Borrower Account Number",
            "Overdue Amount",
            "Fee Amount",
            "Currency",
            "Late Fee Rate (%)",
            "Days Past Due",
            "Due Date",
            "Payment Date",
            "Penalty Calculation Method",
            "Total Outstanding Amount",
            "Reference Number",
            "Payment Method",
            "Fee Status",
            "Tax Deducted at Source (TDS)",
            "Bank Name",
            "Branch Code",
            "Invoice or Receipt ID",
            "Late Fee Waiver Status",
            "Processing Notes"
          ]
        },
        {
          "name": "Prepayment or Foreclosure Fee",
          "description": "Fee charged for early repayment of the loan.",
          "extractableParameters": [
            "Fee ID",
            "Fee Payment Date",
            "Loan ID",
            "Borrower Name",
            "Borrower Account Number",
            "Prepayment Amount",
            "Remaining Loan Balance",
            "Fee Amount",
            "Currency",
            "Prepayment Rate (%)",
            "Foreclosure Rate (%)",
            "Days Remaining in Tenure",
            "Original Maturity Date",
            "New Maturity Date",
            "Interest Saved",
            "Total Repayment Amount",
            "Penalty Calculation Method",
            "Reference Number",
            "Payment Method",
            "Fee Status",
            "Tax Deducted at Source (TDS)",
            "Regulatory Compliance ID",
            "Bank Name",
            "Branch Code",
            "Invoice or Receipt ID",
            "Fee Waiver Status",
            "Processing Notes"
          ]
        },
        {
          "name": "Letter of Credit Fee",
          "description": "Processing fee for issuing a Letter of Credit (LC) in trade financing.",
          "extractableParameters": [
            "LC ID",
            "Fee ID",
            "Fee Payment Date",
            "LC Issue Date",
            "LC Expiry Date",
            "Beneficiary Name",
            "Applicant Name",
            "Bank Name (Issuing Bank)",
            "Bank Name (Advising Bank)",
            "LC Amount",
            "Fee Amount",
            "Fee Currency",
            "Fee Rate (%)",
            "Fee Type",
            "Fee Calculation Method",
            "Fee Status",
            "Transaction Reference ID",
            "Payment Method",
            "LC Terms & Conditions",
            "LC Number of Amendments",
            "LC Amendment Fee",
            "LC Confirmation Fee",
            "LC Advising Fee",
            "LC Cancellation Fee",
            "LC Processing Notes",
            "Invoice or Receipt ID",
            "Tax Deducted at Source (TDS)"
          ]
        },
        {
          "name": "Others",
          "description": "Other fee payments not categorized.",
          "extractableParameters": [
            ""
          ]
        }
      ]
    },
    {
      "name": "Closing Notice",
      "subcategories": [
        {
          "name": "Loan Closure Confirmation",
          "description": "Sent to the borrower when the loan is fully repaid. Includes details of the final payment and zero balance.",
          "extractableParameters": [
            "Loan ID",
            "Closure Notice ID",
            "Closure Date",
            "Final Payment Date",
            "Borrower Name",
            "Loan Account Number",
            "Loan Type",
            "Loan Amount",
            "Outstanding Balance Before Closure",
            "Final Payment Amount",
            "Interest Paid",
            "Principal Paid",
            "Fee Payments",
            "Mode of Final Payment",
            "Loan Status",
            "Zero Balance Confirmation",
            "Collateral Release Details",
            "Lien Removal Date",
            "Property Release Certificate ID",
            "Settlement Reference ID",
            "Tax Deducted at Source (TDS)",
            "Loan Closure Certificate ID",
            "Legal Clearance Status",
            "No Dues Certificate (NOC) Issued",
            "NOC Issuance Date",
            "NOC Reference Number",
            "Account Deactivation Date",
            "Loan Closure Notes"
          ]
        },
        {
          "name": "Mortgage or Collateral Release Notice",
          "description": "Issued when the loan is closed, and the collateral (e.g., property) is released.",
          "extractableParameters": [
            "Notice ID",
            "Loan ID",
            "Release Date",
            "Borrower Name",
            "Collateral Type",
            "Collateral ID",
            "Collateral Description",
            "Lien Release Certificate ID",
            "Lien Removal Date",
            "Property Release Certificate ID",
            "Release Confirmation Number",
            "Ownership Transfer Date",
            "Release Reason",
            "Loan Closure Certificate ID",
            "Account Deactivation Date",
            "Loan Amount",
            "Outstanding Balance Before Release",
            "Final Payment Amount",
            "Final Payment Date",
            "Release Status",
            "Legal Clearance Status",
            "Release Authority Name",
            "Release Authority Signature",
            "Release Notes"
          ]
        },
        {
          "name": "Pre-closure Notice",
          "description": "Sent when the borrower repays the loan early, including prepayment charges and final outstanding amount.",
          "extractableParameters": [
            "Notice ID",
            "Loan ID",
            "Borrower Name",
            "Pre-closure Date",
            "Loan Start Date",
            "Original Loan Tenure",
            "Remaining Tenure",
            "Original Maturity Date",
            "Outstanding Principal Balance",
            "Pre-closure Charges",
            "Pre-closure Penalty Amount",
            "Final Settlement Amount",
            "Settlement Currency",
            "Payment Mode",
            "Payment Date",
            "Loan Closure Certificate ID",
            "Lien Release Certificate ID",
            "Collateral Release Date",
            "Collateral Type",
            "Collateral ID",
            "Collateral Description",
            "Release Status",
            "Legal Clearance Status",
            "Pre-closure Reason",
            "Release Authority Name",
            "Release Authority Signature",
            "Release Notes"
          ]
        },
        {
          "name": "Notice of Final Settlement",
          "description": "Sent when the bank and borrower reach a settlement agreement with final payment terms.",
          "extractableParameters": [
            "Notice ID",
            "Loan ID",
            "Borrower Name",
            "Final Settlement Date",
            "Loan Start Date",
            "Original Loan Tenure",
            "Remaining Tenure",
            "Original Maturity Date",
            "Outstanding Principal Balance",
            "Final Settlement Amount",
            "Waived-off Amount",
            "Settlement Currency",
            "Payment Mode",
            "Payment Date",
            "Loan Closure Certificate ID",
            "Lien Release Certificate ID",
            "Collateral Release Date",
            "Collateral Type",
            "Collateral ID",
            "Collateral Description",
            "Release Status",
            "Legal Clearance Status",
            "Final Settlement Reason",
            "Release Authority Name",
            "Release Authority Signature",
            "Release Notes"
          ]
        },
        {
          "name": "Others",
          "description": "Other closing notices not categorized.",
          "extractableParameters": [
            ""
          ]
        }
      ]
    },
    {
      "name": "Commitment Changes",
      "subcategories": [
        {
          "name": "Loan Amount Adjustment",
          "description": "Increasing or decreasing the loan commitment amount.",
          "extractableParameters": [
            "Adjustment ID",
            "Loan ID",
            "Borrower Name",
            "Adjustment Type",
            "Original Loan Amount",
            "Adjusted Loan Amount",
            "Adjustment Amount",
            "Adjustment Currency",
            "Adjustment Reason",
            "Adjustment Date",
            "Adjustment Effective Date",
            "Loan Term Extension Required",
            "New Maturity Date",
            "Interest Rate Impact",
            "New EMI Amount",
            "Collateral Re-evaluation Required",
            "Updated Collateral Value",
            "Loan-to-Value (LTV) Ratio",
            "Legal Clearance Status",
            "Approval Authority",
            "Approval Date",
            "Approval Status",
            "Adjustment Notes"
          ]
        },
        {
          "name": "Interest Rate Changes",
          "description": "Modification of the interest rate due to market conditions or borrower negotiations.",
          "extractableParameters": [
            "Change ID",
            "Loan ID",
            "Borrower Name",
            "Original Interest Rate",
            "New Interest Rate",
            "Rate Change Type",
            "Rate Type",
            "Rate Change Percentage",
            "Rate Adjustment Amount",
            "Loan Currency",
            "Rate Change Date",
            "Effective Date",
            "Revised EMI Amount",
            "Impact on Loan Tenure",
            "New Loan Maturity Date",
            "Rate Benchmark",
            "Rate Change Reason",
            "Prepayment Penalty Impact",
            "Legal Clearance Status",
            "Approval Authority",
            "Approval Date",
            "Approval Status",
            "Interest Rate Adjustment Notes"
          ]
        },
        {
          "name": "Repayment Term Adjustment",
          "description": "Changes in the loan tenure or EMI schedule.",
          "extractableParameters": [
            "Adjustment ID",
            "Loan ID",
            "Borrower Name",
            "Original Loan Tenure",
            "New Loan Tenure",
            "Tenure Change Type",
            "Loan Currency",
            "Original EMI Amount",
            "Revised EMI Amount",
            "Adjustment Percentage",
            "Adjustment Amount Impact",
            "New Loan Maturity Date",
            "Effective Date",
            "Rate of Interest",
            "Prepayment Impact",
            "Grace Period (if any)",
            "Loan Restructuring Reason",
            "Approval Authority",
            "Approval Status",
            "Approval Date",
            "Legal Clearance Status",
            "Restructuring Notes"
          ]
        },
        {
          "name": "Increase or Decrease in Credit Line",
          "description": "For revolving loans or lines of credit, modifying the approved limit.",
          "extractableParameters": [
            "Adjustment ID",
            "Loan ID / Credit Line ID",
            "Borrower Name",
            "Account Number",
            "Original Credit Limit",
            "Revised Credit Limit",
            "Credit Limit Change Type",
            "Limit Change Percentage",
            "Adjustment Amount Impact",
            "Loan Currency",
            "Credit Line Type",
            "Interest Rate",
            "New Loan Tenure (if modified)",
            "Collateral Impact",
            "Effective Date",
            "Approval Authority",
            "Approval Status",
            "Approval Date",
            "Credit Risk Assessment",
            "Documentation or Agreement Status",
            "Impact on Loan-to-Value Ratio (LTV)",
            "Loan Covenant Changes",
            "Legal Clearance Status",
            "Remarks or Notes"
          ]
        },
        {
          "name": "Modification of Loan Covenants",
          "description": "Changing the terms and conditions of the loan agreement, such as waiving certain covenants.",
          "extractableParameters": [
            "Covenant Modification ID",
            "Loan ID",
            "Borrower Name",
            "Account Number",
            "Original Covenant Terms",
            "Modified Covenant Terms",
            "Covenant Type",
            "Financial Covenant Type",
            "Operational Covenant Type",
            "Legal Covenant Type",
            "Modification Reason",
            "Impact on Loan Terms",
            "Effective Date",
            "Approval Authority",
            "Approval Status",
            "Approval Date",
            "Legal Documentation Update",
            "Collateral Impact",
            "Risk Assessment Result",
            "Legal Clearance Status",
            "Breach or Default Impact",
            "Documentation Reference",
            "Penalty or Fee Impact",
            "Remarks or Notes"
          ]
        },
        {
          "name": "Others",
          "description": "Other commitment changes not categorized.",
          "extractableParameters": [
            ""
          ]
        }
      ]
    }
  ]
}