{
  "categories": [
    {
      "name": "Adjustment",
      "subcategories": [
        {
          "name": "Interest Rate Adjustment",
          "description": "Modifying the loan’s interest rate due to fluctuations in market rates or revised terms."
        },
        {
          "name": "Principal Adjustment",
          "description": "Making corrections to the outstanding principal balance due to overpayments, underpayments, or refinancing."
        },
        {
          "name": "Fee Adjustment",
          "description": "Modifying service fees, late fees, or processing charges."
        },
        {
          "name": "Payment Schedule Adjustment",
          "description": "Changing the loan repayment schedule due to restructuring or borrower agreement."
        }
      ]
    },
    {
      "name": "AU Transfer",
      "subcategories": [
        {
          "name": "Loan Account Transfer",
          "description": "Transferring balances between two loan accounts under the same borrower or institution."
        },
        {
          "name": "Reallocation of Funds",
          "description": "Moving funds between internal accounting units for better cash flow management."
        },
        {
          "name": "Inter-Branch Transfers",
          "description": "Reallocating payments or balances between different branches."
        }
      ]
    },
    {
      "name": "Money Outbound",
      "subcategories": [
        {
          "name": "Loan Disbursement",
          "description": "When the bank disburses loan funds to the borrower's account."
        },
        {
          "name": "Payment to Vendors or Suppliers",
          "description": "Outbound payments for services or products related to loan processing."
        },
        {
          "name": "Fund Transfers to Other Banks",
          "description": "Outbound transfers made via RTGS, NEFT, or SWIFT."
        },
        {
          "name": "Timebound Payments",
          "description": "Scheduled payments with specific due dates."
        },
        {
          "name": "Foreign Currency Transfers",
          "description": "Outbound transfers in foreign currency."
        },
        {
          "name": "Others",
          "description": "Other outbound money movements not categorized."
        }
      ]
    },
    {
      "name": "Money Inbound",
      "subcategories": [
        {
          "name": "Loan Repayments",
          "description": "When the borrower pays EMIs or loan installments back to the bank.",
		  "extractableParameters": ["Loan Amount", "Loan ID", "Due Date", "Transaction Reference"]
        },
        {
          "name": "Incoming Wire Transfers (RTGS, NEFT, SWIFT)",
          "description": "Funds received from other banks via RTGS, NEFT, or SWIFT.",
		  "extractableParameters": ["Loan Amount", "Loan ID", "Due Date", "Transaction Reference"]
        },
        {
          "name": "Fee Payments",
          "description": "Payments for loan processing fees, documentation charges, or penalties.",
		  "extractableParameters": ["Loan ID", "Interest Rate", "Payment Date"]
        },
        {
          "name": "Prepayments or Lump-sum Payments",
          "description": "Customers making early repayments or lump-sum settlements.",
		  "extractableParameters":["Loan Amount", "Loan ID", "Interest Rate", "Payment Date"]
        },
        {
          "name": "Interest Payments",
          "description": "Interest earned on investments or loan repayments.",
		  "extractableParameters": ["Loan ID", "Interest Rate", "Payment Date"]
        },
        {
          "name": "Others",
          "description": "Other inbound money movements not categorized.",
		  "extractableParameters": ["Loan Amount","Loan ID", "Interest Rate", "Payment Date"]
        }
      ]
    },
    {
      "name": "Fee Payment",
      "subcategories": [
        {
          "name": "Loan Processing Fee",
          "description": "A one-time fee charged for processing the loan application."
        },
        {
          "name": "Ongoing Service Fee or Recurring fees",
          "description": "Recurring fees charged periodically for loan maintenance."
        },
        {
          "name": "Amendment or Modification Fee",
          "description": "Fees for modifying loan terms or agreements."
        },
        {
          "name": "Late Payment Fee",
          "description": "Penalty charged for missed or delayed EMI payments."
        },
        {
          "name": "Prepayment or Foreclosure Fee",
          "description": "Fee charged for early repayment of the loan."
        },
        {
          "name": "Letter of Credit Fee",
          "description": "Processing fee for issuing a Letter of Credit (LC) in trade financing."
        },
        {
          "name": "Others",
          "description": "Other fee payments not categorized."
        }
      ]
    },
    {
      "name": "Closing Notice",
      "subcategories": [
        {
          "name": "Loan Closure Confirmation",
          "description": "Sent to the borrower when the loan is fully repaid. Includes details of the final payment and zero balance."
        },
        {
          "name": "Mortgage or Collateral Release Notice",
          "description": "Issued when the loan is closed, and the collateral (e.g., property) is released."
        },
        {
          "name": "Pre-closure Notice",
          "description": "Sent when the borrower repays the loan early, including prepayment charges and final outstanding amount."
        },
        {
          "name": "Notice of Final Settlement",
          "description": "Sent when the bank and borrower reach a settlement agreement with final payment terms."
        },
        {
          "name": "Others",
          "description": "Other closing notices not categorized."
        }
      ]
    },
    {
      "name": "Commitment Changes",
      "subcategories": [
        {
          "name": "Loan Amount Adjustment",
          "description": "Increasing or decreasing the loan commitment amount."
        },
        {
          "name": "Interest Rate Changes",
          "description": "Modification of the interest rate due to market conditions or borrower negotiations."
        },
        {
          "name": "Repayment Term Adjustment",
          "description": "Changes in the loan tenure or EMI schedule."
        },
        {
          "name": "Increase or Decrease in Credit Line",
          "description": "For revolving loans or lines of credit, modifying the approved limit."
        },
        {
          "name": "Modification of Loan Covenants",
          "description": "Changing the terms and conditions of the loan agreement, such as waiving certain covenants."
        },
        {
          "name": "Others",
          "description": "Other commitment changes not categorized."
        }
      ]
    }
  ]
}
